frame,time_s,found,x_in,y_in,heading_deg
0,0.0000,1,14.057,5.905,-96.56
1,0.0167,1,14.057,5.905,-96.56
2,0.0334,1,14.057,5.905,-96.56
3,0.0501,1,14.057,5.905,-96.56
4,0.0667,1,14.057,5.905,-96.56
5,0.0834,1,14.057,5.905,-96.55
6,0.1001,1,14.057,5.906,-96.55
7,0.1168,1,14.057,5.906,-96.55
8,0.1335,1,14.058,5.906,-96.55
9,0.1502,1,14.060,5.909,-96.59
10,0.1668,1,14.072,5.940,-96.04
11,0.1835,1,14.084,5.991,-96.09
12,0.2002,1,14.102,6.101,-95.99
13,0.2169,1,14.124,6.320,-96.07
14,0.2336,1,14.148,6.579,-96.04
15,0.2503,1,14.182,6.927,-96.02
16,0.2669,1,14.223,7.354,-96.08
17,0.2836,1,14.277,7.855,-95.97
18,0.3003,1,14.333,8.431,-95.99
19,0.3170,1,14.394,9.061,-95.94
20,0.3337,1,14.452,9.766,-95.61
33,0.5505,1,16.399,21.070,-84.35
34,0.5672,1,16.666,21.758,-81.39
35,0.5839,1,16.960,22.457,-78.31
111,1.8518,1,-3.451,-0.245,65.45
112,1.8685,1,-3.728,-0.901,65.16
113,1.8852,1,-3.938,-1.528,64.03
114,1.9019,1,-4.083,-2.131,62.22
115,1.9186,1,-4.190,-2.741,59.75
116,1.9353,1,-4.228,-3.345,56.45
117,1.9520,1,-4.233,-3.940,52.89
118,1.9686,1,-4.200,-4.551,48.83
119,1.9853,1,-4.113,-5.180,44.29
120,2.0020,1,-4.013,-5.807,39.25
121,2.0187,1,-3.871,-6.478,33.55
122,2.0354,1,-3.713,-7.172,27.75
123,2.0520,1,-3.579,-7.885,21.74
124,2.0687,1,-3.425,-8.636,15.03
125,2.0854,1,-3.291,-9.405,8.35
126,2.1021,1,-3.196,-10.212,1.77
127,2.1188,1,-3.166,-10.986,-4.80
128,2.1355,1,-3.174,-11.742,-10.78
129,2.1522,1,-3.243,-12.477,-16.43
130,2.1688,1,-3.365,-13.160,-21.97
131,2.1855,1,-3.526,-13.803,-26.96
132,2.2022,1,-3.732,-14.420,-32.00
133,2.2189,1,-3.966,-14.969,-36.15
134,2.2356,1,-4.203,-15.440,-39.46
135,2.2523,1,-4.445,-15.838,-42.10
136,2.2689,1,-4.701,-16.161,-44.40
137,2.2856,1,-4.990,-16.387,-46.41
138,2.3023,1,-5.325,-16.536,-48.09
139,2.3190,1,-5.684,-16.620,-49.97
140,2.3357,1,-6.087,-16.628,-51.82
141,2.3523,1,-6.513,-16.554,-53.28
142,2.3690,1,-6.937,-16.449,-54.66
143,2.3857,1,-7.370,-16.273,-56.07
144,2.4024,1,-7.848,-16.009,-57.20
145,2.4191,1,-8.330,-15.692,-58.37
146,2.4358,1,-8.838,-15.313,-59.66
147,2.4525,1,-9.367,-14.849,-60.61
148,2.4691,1,-9.887,-14.349,-61.56
149,2.4858,1,-10.422,-13.778,-62.53
178,2.9696,1,-24.504,11.210,-68.82
179,2.9863,1,-24.872,11.597,-70.68
180,3.0030,1,-25.224,11.935,-72.74
181,3.0197,1,-25.578,12.228,-75.30
182,3.0364,1,-26.008,12.480,-78.86
183,3.0531,1,-26.454,12.705,-82.58
184,3.0697,1,-26.906,12.911,-86.89
185,3.0864,1,-27.425,13.112,-91.60
186,3.1031,1,-27.955,13.298,-96.42
187,3.1198,1,-28.512,13.521,-102.17
188,3.1365,1,-29.103,13.760,-108.00
189,3.1532,1,-29.722,14.045,-114.52
190,3.1698,1,-30.327,14.363,-120.86
191,3.1865,1,-30.912,14.708,-127.09
192,3.2032,1,-31.461,15.110,-133.56
193,3.2199,1,-31.961,15.511,-139.00
194,3.2366,1,-32.392,15.942,-144.66
195,3.2532,1,-32.768,16.353,-149.65
196,3.2699,1,-33.106,16.773,-154.35
197,3.2866,1,-33.392,17.184,-158.92
198,3.3033,1,-33.658,17.578,-163.41
199,3.3200,1,-33.888,17.977,-167.66
200,3.3367,1,-34.090,18.352,-171.88
201,3.3534,1,-34.257,18.717,-175.82
202,3.3700,1,-34.405,19.060,-179.59
203,3.3867,1,-34.533,19.397,176.98
204,3.4034,1,-34.641,19.709,173.86
205,3.4201,1,-34.737,20.005,170.42
206,3.4368,1,-34.818,20.274,167.25
207,3.4535,1,-34.884,20.528,164.31
208,3.4701,1,-34.948,20.771,161.76
209,3.4868,1,-35.005,20.985,159.13
210,3.5035,1,-35.062,21.180,156.83
211,3.5202,1,-35.112,21.342,155.00
212,3.5369,1,-35.151,21.455,153.72
213,3.5535,1,-35.164,21.509,153.14
214,3.5702,1,-35.157,21.508,152.88
215,3.5869,1,-35.116,21.473,152.99
216,3.6036,1,-35.021,21.409,153.24
217,3.6203,1,-34.853,21.318,153.19
218,3.6370,1,-34.619,21.204,153.04
219,3.6537,1,-34.328,21.047,153.18
220,3.6703,1,-33.965,20.876,153.12
221,3.6870,1,-33.540,20.675,153.02
274,4.5712,1,12.867,-2.289,158.47
275,4.5879,1,13.439,-2.600,159.20
276,4.6046,1,13.937,-2.905,160.20
277,4.6213,1,14.368,-3.208,161.48
278,4.6380,1,14.766,-3.512,163.18
279,4.6547,1,15.115,-3.821,165.01
280,4.6713,1,15.421,-4.148,167.37
281,4.6880,1,15.733,-4.491,170.03
282,4.7047,1,16.042,-4.865,173.71
283,4.7214,1,16.338,-5.249,176.70
284,4.7381,1,16.626,-5.670,-178.98
285,4.7548,1,16.934,-6.101,-174.66
286,4.7714,1,17.248,-6.558,-169.90
287,4.7881,1,17.581,-7.014,-164.82
288,4.8048,1,17.950,-7.467,-159.48
289,4.8215,1,18.332,-7.932,-153.61
290,4.8382,1,18.750,-8.364,-147.43
291,4.8548,1,19.194,-8.753,-141.27
292,4.8715,1,19.654,-9.103,-135.82
293,4.8882,1,20.120,-9.390,-130.29
294,4.9049,1,20.538,-9.623,-125.34
295,4.9216,1,20.921,-9.820,-121.63
296,4.9383,1,21.290,-9.968,-117.72
297,4.9550,1,21.626,-10.091,-114.37
298,4.9716,1,21.960,-10.198,-110.93
299,4.9883,1,22.272,-10.266,-107.93
300,5.0050,1,22.568,-10.334,-104.70
301,5.0217,1,22.869,-10.357,-101.54
302,5.0384,1,23.133,-10.374,-98.54
303,5.0551,1,23.385,-10.366,-96.13
304,5.0717,1,23.612,-10.355,-93.74
305,5.0884,1,23.829,-10.330,-91.22
306,5.1051,1,24.015,-10.298,-89.10
307,5.1218,1,24.180,-10.276,-87.23
308,5.1385,1,24.331,-10.244,-85.58
309,5.1551,1,24.465,-10.207,-83.90
310,5.1718,1,24.580,-10.174,-82.52
311,5.1885,1,24.687,-10.145,-81.34
312,5.2052,1,24.775,-10.117,-80.11
313,5.2219,1,24.839,-10.097,-79.40
314,5.2386,1,24.896,-10.086,-78.54
315,5.2553,1,24.964,-10.072,-77.87
316,5.2719,1,25.064,-10.048,-76.52
317,5.2886,1,25.193,-10.003,-74.74
318,5.3053,1,25.364,-9.934,-72.49
319,5.3220,1,25.563,-9.835,-69.62
320,5.3387,1,25.784,-9.700,-66.14
321,5.3554,1,26.023,-9.533,-62.36
322,5.3720,1,26.281,-9.320,-57.58
323,5.3887,1,26.543,-9.065,-52.63
324,5.4054,1,26.786,-8.761,-47.33
325,5.4221,1,27.010,-8.437,-42.03
326,5.4388,1,27.205,-8.094,-36.69
327,5.4554,1,27.352,-7.754,-31.74
328,5.4721,1,27.454,-7.436,-26.96
329,5.4888,1,27.511,-7.145,-22.77
330,5.5055,1,27.541,-6.885,-19.20
331,5.5222,1,27.554,-6.642,-16.00
332,5.5389,1,27.556,-6.412,-12.57
333,5.5556,1,27.541,-6.192,-9.60
334,5.5722,1,27.520,-5.998,-6.76
335,5.5889,1,27.489,-5.798,-4.09
336,5.6056,1,27.451,-5.631,-1.55
337,5.6223,1,27.408,-5.474,0.97
338,5.6390,1,27.364,-5.321,3.30
339,5.6557,1,27.304,-5.196,5.37
340,5.6723,1,27.257,-5.077,7.44
341,5.6890,1,27.198,-4.972,9.05
342,5.7057,1,27.142,-4.886,10.55
343,5.7224,1,27.090,-4.818,11.66
344,5.7391,1,27.040,-4.779,12.36
345,5.7557,1,26.975,-4.768,12.67
346,5.7724,1,26.850,-4.787,12.81
347,5.7891,1,26.662,-4.823,12.91
348,5.8058,1,26.404,-4.873,13.14
349,5.8225,1,26.069,-4.955,13.05
350,5.8392,1,25.657,-5.052,13.18
351,5.8559,1,25.171,-5.176,13.06
352,5.8725,1,24.618,-5.313,13.04
353,5.8892,1,24.002,-5.463,13.07
354,5.9059,1,23.320,-5.633,12.86
386,6.4398,1,-8.930,-12.876,13.42
387,6.4565,1,-9.593,-13.064,12.96
388,6.4731,1,-10.168,-13.274,11.97
389,6.4898,1,-10.653,-13.500,10.68
390,6.5065,1,-11.095,-13.739,8.99
391,6.5232,1,-11.466,-14.005,6.72
392,6.5399,1,-11.784,-14.289,4.12
393,6.5566,1,-12.080,-14.607,0.88
394,6.5732,1,-12.343,-14.945,-2.22
395,6.5899,1,-12.561,-15.308,-6.45
396,6.6066,1,-12.775,-15.707,-10.15
397,6.6233,1,-12.968,-16.133,-14.69
398,6.6400,1,-13.150,-16.575,-18.98
399,6.6566,1,-13.343,-17.046,-23.87
400,6.6733,1,-13.549,-17.526,-28.72
401,6.6900,1,-13.786,-18.020,-34.36
402,6.7067,1,-14.041,-18.493,-39.72
403,6.7234,1,-14.331,-18.960,-44.90
404,6.7401,1,-14.645,-19.398,-50.59
405,6.7568,1,-14.980,-19.793,-55.70
406,6.7734,1,-15.347,-20.167,-60.97
407,6.7901,1,-15.714,-20.490,-66.10
408,6.8068,1,-16.070,-20.760,-70.36
409,6.8235,1,-16.387,-20.967,-74.25
410,6.8402,1,-16.679,-21.150,-77.67
411,6.8569,1,-16.967,-21.308,-80.67
412,6.8735,1,-17.239,-21.443,-83.78
413,6.8902,1,-17.506,-21.570,-86.67
414,6.9069,1,-17.743,-21.680,-89.31
415,6.9236,1,-17.983,-21.786,-92.01
416,6.9403,1,-18.194,-21.883,-94.10
417,6.9569,1,-18.384,-21.965,-96.80
418,6.9736,1,-18.565,-22.047,-98.91
427,7.1238,1,-18.820,-21.674,-104.88
428,7.1405,1,-18.741,-21.349,-104.88
429,7.1572,1,-18.640,-20.938,-104.89
430,7.1738,1,-18.515,-20.469,-105.06
431,7.1905,1,-18.372,-19.929,-104.96
432,7.2072,1,-18.202,-19.310,-105.04
433,7.2239,1,-18.011,-18.639,-104.86
434,7.2406,1,-17.804,-17.913,-104.81
452,7.5409,1,-13.315,-0.821,-106.01
453,7.5575,1,-13.150,-0.172,-106.00
454,7.5742,1,-13.009,0.372,-106.26
455,7.5909,1,-12.910,0.864,-106.65
456,7.6076,1,-12.859,1.294,-107.54
457,7.6243,1,-12.847,1.700,-108.93
458,7.6410,1,-12.893,2.087,-111.32
459,7.6577,1,-12.987,2.468,-114.07
460,7.6743,1,-13.108,2.850,-117.35
461,7.6910,1,-13.269,3.240,-121.18
462,7.7077,1,-13.469,3.638,-125.05
463,7.7244,1,-13.685,4.064,-129.94
464,7.7411,1,-13.937,4.518,-135.18
465,7.7577,1,-14.198,4.990,-140.58
466,7.7744,1,-14.459,5.508,-146.86
467,7.7911,1,-14.719,6.062,-153.21
468,7.8078,1,-14.967,6.668,-160.12
469,7.8245,1,-15.184,7.292,-166.97
470,7.8412,1,-15.359,7.936,-173.81
471,7.8579,1,-15.478,8.572,179.45
472,7.8745,1,-15.529,9.220,173.21
473,7.8912,1,-15.527,9.828,166.80
474,7.9079,1,-15.469,10.417,160.87
475,7.9246,1,-15.363,10.976,155.37
476,7.9413,1,-15.213,11.495,149.97
477,7.9580,1,-15.038,11.991,144.94
478,7.9746,1,-14.837,12.439,139.96
479,7.9913,1,-14.613,12.879,135.14
480,8.0080,1,-14.380,13.268,130.86
481,8.0247,1,-14.141,13.637,126.52
482,8.0414,1,-13.896,13.967,122.41
483,8.0580,1,-13.647,14.267,118.83
484,8.0747,1,-13.421,14.512,115.60
485,8.0914,1,-13.238,14.691,113.49
486,8.1081,1,-13.082,14.796,111.69
487,8.1248,1,-12.940,14.845,110.60
488,8.1415,1,-12.796,14.798,109.49
489,8.1582,1,-12.647,14.665,108.66
490,8.1748,1,-12.468,14.453,107.70
491,8.1915,1,-12.279,14.132,106.74
492,8.2082,1,-12.077,13.749,105.90
493,8.2249,1,-11.863,13.292,105.19
494,8.2416,1,-11.645,12.756,104.49
523,8.7254,1,-5.369,-14.292,99.76
524,8.7421,1,-5.278,-14.942,100.11
525,8.7588,1,-5.209,-15.504,100.54
526,8.7754,1,-5.192,-16.015,101.25
527,8.7921,1,-5.200,-16.504,102.60
528,8.8088,1,-5.255,-17.001,104.48
529,8.8255,1,-5.334,-17.502,106.92
530,8.8422,1,-5.450,-18.020,109.59
531,8.8589,1,-5.598,-18.559,113.21
532,8.8755,1,-5.753,-19.123,117.43
533,8.8922,1,-5.927,-19.707,121.98
534,8.9089,1,-6.103,-20.312,127.23
535,8.9256,1,-6.279,-20.965,132.48
536,8.9423,1,-6.442,-21.644,138.57
537,8.9589,1,-6.590,-22.365,145.46
538,8.9756,1,-6.686,-23.120,152.27
586,9.7764,1,4.832,-24.610,-95.43
587,9.7931,1,5.476,-24.024,-91.13
588,9.8098,1,6.113,-23.405,-86.98
589,9.8265,1,6.740,-22.755,-82.84
590,9.8432,1,7.352,-22.071,-78.57
591,9.8598,1,7.949,-21.340,-74.42
593,9.8932,1,9.059,-19.779,-65.14
594,9.9099,1,9.568,-18.934,-60.74
595,9.9266,1,10.039,-18.045,-55.66
596,9.9433,1,10.465,-17.121,-50.96
598,9.9766,1,11.124,-15.148,-41.10
599,9.9933,1,11.346,-14.134,-36.08
624,10.4104,1,-3.860,0.013,112.91
625,10.4271,1,-4.561,-0.535,118.74
626,10.4438,1,-5.180,-1.155,124.44
627,10.4604,1,-5.699,-1.826,130.10
628,10.4771,1,-6.105,-2.574,135.40
629,10.4938,1,-6.416,-3.362,140.60
630,10.5105,1,-6.653,-4.169,145.91
631,10.5272,1,-6.756,-5.012,150.55
632,10.5439,1,-6.771,-5.862,155.17
633,10.5606,1,-6.711,-6.713,159.74
634,10.5772,1,-6.539,-7.566,164.13
635,10.5939,1,-6.271,-8.408,167.96
636,10.6106,1,-5.935,-9.228,172.48
637,10.6273,1,-5.518,-10.031,176.07
638,10.6440,1,-5.015,-10.790,179.93
639,10.6607,1,-4.451,-11.520,-176.73
640,10.6773,1,-3.812,-12.217,-172.71
642,10.7107,1,-2.359,-13.478,-166.22
644,10.7441,1,-0.708,-14.568,-159.62
646,10.7774,1,1.098,-15.522,-153.71
647,10.7941,1,2.039,-15.987,-150.34
648,10.8108,1,3.004,-16.433,-146.52
683,11.3947,1,21.324,1.403,55.08
684,11.4114,1,20.528,1.800,62.05
686,11.4448,1,18.851,2.283,76.15
687,11.4615,1,18.021,2.343,82.95
688,11.4781,1,17.171,2.304,90.22
689,11.4948,1,16.379,2.145,97.43
690,11.5115,1,15.615,1.890,104.64
691,11.5282,1,14.898,1.535,111.84
692,11.5449,1,14.254,1.086,118.87
693,11.5616,1,13.672,0.566,126.00
694,11.5782,1,13.188,-0.036,133.39
695,11.5949,1,12.816,-0.696,140.50
696,11.6116,1,12.523,-1.390,147.71
697,11.6283,1,12.339,-2.138,154.73
698,11.6450,1,12.277,-2.892,162.16
699,11.6616,1,12.295,-3.653,169.38
700,11.6783,1,12.429,-4.419,176.63
701,11.6950,1,12.682,-5.151,-175.97
702,11.7117,1,13.014,-5.874,-168.14
703,11.7284,1,13.455,-6.535,-160.91
704,11.7451,1,13.982,-7.145,-153.39
705,11.7618,1,14.568,-7.705,-145.90
706,11.7784,1,15.252,-8.165,-138.39
707,11.7951,1,15.987,-8.536,-130.80
708,11.8118,1,16.766,-8.833,-123.13
709,11.8285,1,17.572,-9.001,-115.72
710,11.8452,1,18.400,-9.076,-108.12
711,11.8619,1,19.228,-9.044,-100.65
712,11.8785,1,20.043,-8.904,-93.29
713,11.8952,1,20.852,-8.657,-86.08
714,11.9119,1,21.625,-8.296,-78.34
715,11.9286,1,22.348,-7.844,-70.80
716,11.9453,1,23.005,-7.307,-63.78
717,11.9619,1,23.604,-6.682,-56.18
718,11.9786,1,24.120,-5.981,-48.73
719,11.9953,1,24.536,-5.225,-41.69
720,12.0120,1,24.859,-4.419,-34.01
721,12.0287,1,25.074,-3.574,-26.37
722,12.0454,1,25.176,-2.719,-18.91
723,12.0621,1,25.168,-1.845,-11.73
724,12.0787,1,25.043,-0.989,-4.00
725,12.0954,1,24.815,-0.151,2.84
726,12.1121,1,24.467,0.653,10.59
727,12.1288,1,24.024,1.389,17.94
728,12.1455,1,23.483,2.071,25.14
729,12.1622,1,22.860,2.679,32.80
730,12.1788,1,22.161,3.202,39.85
731,12.1955,1,21.402,3.633,47.82
733,12.2289,1,19.741,4.192,62.65
734,12.2456,1,18.874,4.310,69.71
735,12.2622,1,17.996,4.325,77.03
736,12.2789,1,17.112,4.222,84.34
737,12.2956,1,16.261,4.015,91.98
740,12.3457,1,13.925,2.785,114.06
741,12.3624,1,13.272,2.199,121.57
742,12.3790,1,12.709,1.538,128.40
743,12.3957,1,12.229,0.815,135.76
746,12.4458,1,11.373,-1.622,157.52
748,12.4791,1,11.332,-3.328,171.97
749,12.4958,1,11.494,-4.173,178.98
750,12.5125,1,11.761,-4.993,-173.63
751,12.5292,1,12.113,-5.772,-166.38
752,12.5459,1,12.580,-6.484,-159.06
753,12.5625,1,13.126,-7.140,-151.63
754,12.5792,1,13.734,-7.732,-144.34
755,12.5959,1,14.435,-8.251,-136.92
756,12.6126,1,15.182,-8.672,-129.42
757,12.6293,1,15.973,-8.996,-121.75
758,12.6460,1,16.815,-9.230,-114.56
759,12.6627,1,17.680,-9.347,-106.86
760,12.6793,1,18.549,-9.366,-99.16
761,12.6960,1,19.411,-9.260,-92.63
762,12.7127,1,20.255,-9.049,-84.53
763,12.7294,1,21.072,-8.735,-77.00
764,12.7461,1,21.806,-8.320,-69.50
765,12.7628,1,22.492,-7.802,-61.88
766,12.7794,1,23.099,-7.211,-54.58
767,12.7961,1,23.602,-6.551,-47.21
768,12.8128,1,24.011,-5.815,-39.76
769,12.8295,1,24.314,-5.038,-32.10
770,12.8462,1,24.499,-4.222,-24.77
771,12.8628,1,24.569,-3.393,-17.19
772,12.8795,1,24.523,-2.564,-10.05
773,12.8962,1,24.359,-1.762,-3.15
774,12.9129,1,24.100,-1.005,3.81
775,12.9296,1,23.781,-0.305,10.21
776,12.9463,1,23.408,0.358,16.54
777,12.9630,1,23.000,0.965,22.53
778,12.9796,1,22.549,1.532,28.10
779,12.9963,1,22.064,2.049,33.92
780,13.0130,1,21.575,2.499,39.13
781,13.0297,1,21.064,2.904,44.42
782,13.0464,1,20.560,3.254,49.28
783,13.0631,1,20.044,3.554,54.30
784,13.0797,1,19.536,3.804,58.87
785,13.0964,1,19.046,4.020,63.48
786,13.1131,1,18.570,4.198,67.65
787,13.1298,1,18.122,4.339,71.61
788,13.1465,1,17.681,4.441,75.28
789,13.1631,1,17.283,4.511,78.88
790,13.1798,1,16.898,4.560,82.24
791,13.1965,1,16.525,4.579,85.58
792,13.2132,1,16.185,4.592,88.81
793,13.2299,1,15.863,4.580,91.71
794,13.2466,1,15.563,4.561,94.43
795,13.2633,1,15.310,4.524,97.05
796,13.2799,1,15.135,4.508,98.30
797,13.2966,1,15.007,4.521,99.12
798,13.3133,1,14.955,4.553,98.85
799,13.3300,1,14.972,4.619,98.06
800,13.3467,1,15.032,4.693,96.48
801,13.3634,1,15.141,4.775,94.14
802,13.3800,1,15.310,4.876,91.30
803,13.3967,1,15.510,4.970,87.81
804,13.4134,1,15.762,5.067,83.87
805,13.4301,1,16.054,5.133,79.19
806,13.4468,1,16.387,5.168,74.05
807,13.4634,1,16.738,5.167,68.96
808,13.4801,1,17.102,5.128,63.48
809,13.4968,1,17.471,5.038,57.60
810,13.5135,1,17.830,4.911,52.11
811,13.5302,1,18.177,4.745,46.46
812,13.5469,1,18.503,4.543,40.83
813,13.5636,1,18.801,4.323,35.53
814,13.5802,1,19.054,4.084,30.52
815,13.5969,1,19.278,3.848,26.05
816,13.6136,1,19.457,3.639,22.15
817,13.6303,1,19.608,3.438,18.62
818,13.6470,1,19.727,3.258,15.63
819,13.6637,1,19.831,3.073,12.48
820,13.6803,1,19.920,2.890,9.72
821,13.6970,1,20.003,2.712,6.89
822,13.7137,1,20.072,2.537,4.37
823,13.7304,1,20.131,2.370,1.80
824,13.7471,1,20.191,2.223,-0.31
825,13.7637,1,20.240,2.080,-2.19
826,13.7804,1,20.242,1.976,-3.63
827,13.7971,1,20.195,1.913,-5.03
828,13.8138,1,20.048,1.873,-6.27
829,13.8305,1,19.805,1.842,-7.00
830,13.8472,1,19.501,1.832,-7.86
831,13.8639,1,19.121,1.849,-8.85
832,13.8805,1,18.668,1.902,-9.33
833,13.8972,1,18.188,1.961,-9.62
834,13.9139,1,17.630,2.048,-9.85
835,13.9306,1,16.998,2.149,-9.82
836,13.9473,1,16.314,2.255,-10.16
871,14.5312,1,-18.827,9.566,-10.06
872,14.5479,1,-19.441,9.689,-9.88
873,14.5646,1,-19.957,9.794,-9.83
874,14.5812,1,-20.390,9.879,-9.93
875,14.5979,1,-20.712,9.928,-10.13
876,14.6146,1,-20.931,9.962,-10.26
877,14.6313,1,-21.067,9.975,-10.35
878,14.6480,1,-21.101,9.972,-10.44
879,14.6646,1,-21.065,9.963,-10.36
880,14.6813,1,-21.031,9.953,-10.11
881,14.6980,1,-20.996,9.938,-10.31
882,14.7147,1,-20.974,9.940,-10.53
883,14.7314,1,-20.958,9.934,-10.44
884,14.7481,1,-20.949,9.932,-10.37
885,14.7648,1,-20.949,9.932,-10.46
886,14.7814,1,-20.957,9.915,-10.79
887,14.7981,1,-20.978,9.858,-11.80
888,14.8148,1,-20.991,9.757,-13.29
889,14.8315,1,-21.006,9.614,-15.53
890,14.8482,1,-21.035,9.423,-18.39
891,14.8649,1,-21.067,9.191,-21.68
892,14.8815,1,-21.124,8.931,-25.68
893,14.8982,1,-21.204,8.634,-30.15
894,14.9149,1,-21.309,8.319,-34.97
895,14.9316,1,-21.450,7.971,-40.38
896,14.9483,1,-21.641,7.621,-45.70
897,14.9649,1,-21.883,7.283,-52.23
898,14.9816,1,-22.177,6.936,-58.65
899,14.9983,1,-22.531,6.633,-65.25
900,15.0150,1,-22.927,6.364,-72.50
901,15.0317,1,-23.359,6.143,-79.27
902,15.0484,1,-23.822,5.980,-86.09
903,15.0650,1,-24.282,5.879,-92.80
904,15.0817,1,-24.733,5.825,-99.36
905,15.0984,1,-25.167,5.818,-105.17
906,15.1151,1,-25.548,5.846,-110.59
907,15.1318,1,-25.912,5.912,-116.07
908,15.1485,1,-26.237,6.008,-120.89
909,15.1652,1,-26.549,6.135,-126.13
910,15.1818,1,-26.830,6.275,-130.80
911,15.1985,1,-27.098,6.435,-135.54
912,15.2152,1,-27.339,6.603,-140.01
913,15.2319,1,-27.555,6.787,-144.20
914,15.2486,1,-27.752,6.976,-148.40
915,15.2652,1,-27.931,7.177,-152.24
916,15.2819,1,-28.086,7.361,-155.90
917,15.2986,1,-28.226,7.553,-159.40
918,15.3153,1,-28.346,7.735,-162.41
919,15.3320,1,-28.463,7.911,-165.65
920,15.3487,1,-28.555,8.077,-168.58
921,15.3653,1,-28.650,8.242,-171.25
922,15.3820,1,-28.724,8.410,-173.81
923,15.3987,1,-28.795,8.561,-176.11
924,15.4154,1,-28.847,8.702,-178.35
925,15.4321,1,-28.906,8.833,179.52
926,15.4488,1,-28.954,8.959,177.88
927,15.4655,1,-28.994,9.070,175.90
928,15.4821,1,-29.025,9.163,174.33
929,15.4988,1,-29.070,9.254,173.58
930,15.5155,1,-29.099,9.337,172.12
931,15.5322,1,-29.131,9.400,171.49
932,15.5489,1,-29.161,9.460,170.82
933,15.5655,1,-29.185,9.503,170.02
934,15.5822,1,-29.146,9.517,169.54
935,15.5989,1,-29.032,9.508,169.31
936,15.6156,1,-28.843,9.489,169.13
937,15.6323,1,-28.583,9.454,169.03
938,15.6490,1,-28.247,9.398,168.60
939,15.6656,1,-27.845,9.322,168.56
940,15.6823,1,-27.365,9.231,168.30
941,15.6990,1,-26.816,9.131,168.43
978,16.3163,1,9.445,1.389,168.00
979,16.3330,1,9.959,1.273,168.02
980,16.3497,1,10.387,1.184,167.81
981,16.3664,1,10.713,1.123,167.69
982,16.3830,1,10.915,1.103,167.47
983,16.3997,1,11.051,1.077,167.24
984,16.4164,1,11.088,1.085,167.30
985,16.4331,1,11.044,1.098,167.33
986,16.4498,1,10.999,1.114,167.34
987,16.4665,1,10.962,1.121,167.39
988,16.4831,1,10.933,1.130,167.26
989,16.4998,1,10.911,1.133,167.20
990,16.5165,1,10.901,1.134,167.20
991,16.5332,1,10.899,1.135,167.19
992,16.5499,1,10.901,1.135,167.20
993,16.5665,1,10.908,1.133,167.27
994,16.5832,1,10.917,1.130,167.27
995,16.5999,1,10.926,1.128,167.30
996,16.6166,1,10.936,1.125,167.31
997,16.6333,1,10.941,1.125,167.24
998,16.6500,1,10.946,1.125,167.24
999,16.6667,1,10.954,1.124,167.25
1000,16.6833,1,10.955,1.123,167.23
1001,16.7000,1,10.953,1.123,167.22
1002,16.7167,1,10.951,1.124,167.22
1003,16.7334,1,10.945,1.111,167.27
1004,16.7501,1,10.946,1.057,168.01
1005,16.7668,1,10.948,0.949,169.34
1006,16.7834,1,10.968,0.817,170.96
1007,16.8001,1,10.990,0.628,173.23
1008,16.8168,1,11.025,0.403,176.55
1009,16.8335,1,11.091,0.146,179.74
1010,16.8502,1,11.181,-0.154,-176.01
1011,16.8668,1,11.298,-0.491,-171.10
1012,16.8835,1,11.469,-0.858,-165.82
1013,16.9002,1,11.694,-1.242,-160.12
1014,16.9169,1,11.976,-1.627,-154.04
1015,16.9336,1,12.325,-2.008,-147.38
1016,16.9503,1,12.738,-2.359,-140.15
1017,16.9670,1,13.228,-2.675,-132.74
1018,16.9836,1,13.758,-2.933,-124.24
1019,17.0003,1,14.348,-3.117,-115.80
1020,17.0170,1,14.980,-3.221,-107.33
1021,17.0337,1,15.636,-3.235,-98.58
1022,17.0504,1,16.308,-3.152,-88.99
1023,17.0671,1,16.960,-2.960,-79.79
1024,17.0837,1,17.590,-2.662,-70.00
1025,17.1004,1,18.155,-2.268,-60.44
1026,17.1171,1,18.629,-1.789,-50.79
1027,17.1338,1,18.996,-1.262,-41.77
1028,17.1505,1,19.239,-0.732,-33.40
1029,17.1671,1,19.397,-0.250,-25.90
1030,17.1838,1,19.496,0.202,-19.51
1031,17.2005,1,19.514,0.616,-13.60
1032,17.2172,1,19.489,1.021,-7.76
1033,17.2339,1,19.441,1.392,-2.18
1034,17.2506,1,19.343,1.742,3.00
1035,17.2673,1,19.226,2.058,7.97
1036,17.2839,1,19.081,2.354,12.61
1037,17.3006,1,18.928,2.612,17.36
1038,17.3173,1,18.755,2.853,21.69
1039,17.3340,1,18.577,3.062,25.93
1040,17.3507,1,18.401,3.246,29.84
1041,17.3674,1,18.222,3.402,33.41
1042,17.3840,1,18.106,3.501,36.07
1043,17.4007,1,18.025,3.551,37.72
1044,17.4174,1,18.003,3.552,38.04
1045,17.4341,1,18.028,3.511,37.60
1046,17.4508,1,18.091,3.443,36.32
1047,17.4674,1,18.191,3.351,34.33
1048,17.4841,1,18.313,3.233,31.85
1049,17.5008,1,18.452,3.078,28.90
1050,17.5175,1,18.594,2.900,25.59
1051,17.5342,1,18.745,2.686,21.77
1052,17.5509,1,18.895,2.447,17.85
1053,17.5676,1,19.032,2.177,13.52
1054,17.5842,1,19.157,1.882,8.83
1055,17.6009,1,19.256,1.548,3.88
1056,17.6176,1,19.338,1.189,-1.73
1057,17.6343,1,19.368,0.803,-7.37
1058,17.6510,1,19.384,0.389,-12.93
1059,17.6677,1,19.341,-0.024,-18.76
1060,17.6843,1,19.267,-0.438,-24.90
1061,17.7010,1,19.139,-0.833,-30.46
1062,17.7177,1,18.978,-1.204,-36.11
1063,17.7344,1,18.795,-1.547,-41.40
1064,17.7511,1,18.595,-1.855,-46.64
1065,17.7677,1,18.378,-2.147,-51.58
1066,17.7844,1,18.152,-2.386,-56.16
1067,17.8011,1,17.922,-2.596,-60.57
1068,17.8178,1,17.686,-2.772,-64.76
1069,17.8345,1,17.455,-2.920,-68.99
1070,17.8512,1,17.226,-3.044,-72.62
1071,17.8679,1,17.005,-3.152,-76.19
1072,17.8845,1,16.788,-3.232,-79.67
1073,17.9012,1,16.572,-3.304,-83.06
1074,17.9179,1,16.378,-3.359,-85.98
1075,17.9346,1,16.213,-3.396,-88.29
1076,17.9513,1,16.116,-3.417,-89.55
1077,17.9680,1,16.090,-3.410,-90.04
1078,17.9846,1,16.126,-3.395,-89.61
1079,18.0013,1,16.204,-3.363,-88.66
1080,18.0180,1,16.329,-3.321,-87.16
1081,18.0347,1,16.489,-3.264,-84.81
1082,18.0514,1,16.691,-3.183,-82.15
1083,18.0680,1,16.928,-3.071,-78.90
1084,18.0847,1,17.196,-2.935,-74.87
1085,18.1014,1,17.479,-2.757,-70.49
1086,18.1181,1,17.775,-2.540,-65.68
1087,18.1348,1,18.085,-2.277,-60.17
1088,18.1515,1,18.384,-1.982,-54.51
1089,18.1682,1,18.649,-1.651,-48.82
1090,18.1848,1,18.889,-1.286,-42.82
1091,18.2015,1,19.083,-0.917,-36.87
1092,18.2182,1,19.232,-0.542,-31.34
1093,18.2349,1,19.334,-0.169,-25.82
1094,18.2516,1,19.392,0.198,-20.56
1095,18.2683,1,19.424,0.545,-15.80
1096,18.2849,1,19.422,0.877,-11.30
1097,18.3016,1,19.388,1.199,-6.75
1098,18.3183,1,19.333,1.509,-2.74
1099,18.3350,1,19.262,1.791,1.23
1100,18.3517,1,19.174,2.060,5.18
1101,18.3683,1,19.071,2.308,8.67
1102,18.3850,1,18.961,2.526,11.91
1103,18.4017,1,18.833,2.743,15.24
1104,18.4184,1,18.703,2.926,18.28
1105,18.4351,1,18.567,3.091,20.99
1106,18.4518,1,18.428,3.240,23.82
1107,18.4685,1,18.292,3.364,26.15
1108,18.4851,1,18.153,3.477,28.42
1109,18.5018,1,18.034,3.567,30.60
1110,18.5185,1,17.948,3.635,32.13
1111,18.5352,1,17.893,3.665,32.86
1112,18.5519,1,17.868,3.673,33.29
1113,18.5686,1,17.860,3.661,33.25
1114,18.5852,1,17.871,3.643,33.24
1115,18.6019,1,17.890,3.631,32.83
1116,18.6186,1,17.907,3.621,32.71
1117,18.6353,1,17.926,3.607,32.36
1118,18.6520,1,17.943,3.596,32.04
1119,18.6686,1,17.963,3.580,31.74
1120,18.6853,1,17.980,3.566,31.37
1121,18.7020,1,18.002,3.551,30.94
1122,18.7187,1,18.026,3.533,30.51
1123,18.7354,1,18.058,3.502,29.90
1124,18.7521,1,18.097,3.467,28.96
1125,18.7688,1,18.141,3.426,28.11
1126,18.7854,1,18.186,3.376,26.97
1127,18.8021,1,18.238,3.318,26.03
1128,18.8188,1,18.295,3.260,24.74
1129,18.8355,1,18.364,3.192,23.37
1130,18.8522,1,18.432,3.111,21.83
1131,18.8689,1,18.501,3.015,20.10
1132,18.8855,1,18.569,2.907,18.10
1133,18.9022,1,18.647,2.783,16.12
1134,18.9189,1,18.728,2.654,13.83
1135,18.9356,1,18.802,2.510,11.63
1136,18.9523,1,18.866,2.361,9.30
1137,18.9689,1,18.931,2.205,6.89
1138,18.9856,1,18.999,2.043,4.44
1139,19.0023,1,19.050,1.882,1.91
1140,19.0190,1,19.088,1.729,-0.14
1141,19.0357,1,19.129,1.595,-2.37
1142,19.0524,1,19.154,1.484,-3.63
1143,19.0691,1,19.172,1.402,-4.97
1144,19.0857,1,19.191,1.318,-5.75
1145,19.1024,1,19.217,1.282,-6.66
1146,19.1191,1,19.246,1.226,-6.84
1147,19.1358,1,19.264,1.183,-7.64
1148,19.1525,1,19.280,1.155,-7.97
1149,19.1692,1,19.292,1.134,-8.23
1150,19.1858,1,19.307,1.121,-8.22
1151,19.2025,1,19.316,1.121,-8.29
1152,19.2192,1,19.325,1.123,-8.10
1153,19.2359,1,19.327,1.128,-8.18
1154,19.2526,1,19.329,1.133,-8.09
1155,19.2692,1,19.326,1.133,-8.06
1156,19.2859,1,19.323,1.133,-8.06
1157,19.3026,1,19.300,1.125,-8.13
1158,19.3193,1,19.186,1.129,-8.35
1159,19.3360,1,18.998,1.151,-8.62
1160,19.3527,1,18.728,1.185,-8.53
1161,19.3694,1,18.361,1.240,-8.61
1162,19.3860,1,17.923,1.302,-8.64
1163,19.4027,1,17.398,1.367,-8.58
1164,19.4194,1,16.792,1.452,-8.76
1165,19.4361,1,16.128,1.545,-8.90
1205,20.1034,1,-24.485,9.092,-8.30
1206,20.1201,1,-25.083,9.198,-8.32
1207,20.1368,1,-25.550,9.293,-8.22
1208,20.1535,1,-25.947,9.370,-8.21
1209,20.1701,1,-26.250,9.432,-7.99
1210,20.1868,1,-26.424,9.458,-8.14
1211,20.2035,1,-26.524,9.488,-7.97
1212,20.2202,1,-26.524,9.488,-7.98
1213,20.2369,1,-26.430,9.468,-8.18
1214,20.2536,1,-26.259,9.433,-8.37
1215,20.2703,1,-26.028,9.384,-8.49
1216,20.2869,1,-25.722,9.313,-8.59
1217,20.3036,1,-25.348,9.241,-9.19
1218,20.3203,1,-24.917,9.148,-9.30
1219,20.3370,1,-24.414,9.046,-9.52
1220,20.3537,1,-23.835,8.931,-9.99
1256,20.9543,1,12.600,1.689,-12.93
1257,20.9710,1,13.218,1.564,-13.08
1258,20.9876,1,13.714,1.459,-13.24
1259,21.0043,1,14.130,1.363,-13.52
1260,21.0210,1,14.449,1.292,-13.37
1261,21.0377,1,14.668,1.237,-13.46
1262,21.0544,1,14.774,1.212,-13.57
1263,21.0710,1,14.806,1.192,-13.76
1264,21.0877,1,14.732,1.209,-13.73
1265,21.1044,1,14.575,1.251,-13.72
1266,21.1211,1,14.353,1.304,-13.66
1267,21.1378,1,14.031,1.392,-13.45
1268,21.1545,1,13.643,1.490,-13.34
1269,21.1712,1,13.188,1.599,-13.17
1270,21.1878,1,12.626,1.731,-13.25
1271,21.2045,1,12.011,1.878,-12.96
1300,21.6883,1,-16.348,8.911,-14.92
1301,21.7050,1,-16.916,9.043,-15.27
1302,21.7217,1,-17.419,9.150,-15.46
1303,21.7384,1,-17.801,9.223,-15.82
1304,21.7551,1,-18.076,9.259,-16.31
1305,21.7718,1,-18.286,9.279,-16.67
1306,21.7884,1,-18.363,9.264,-17.04
1307,21.8051,1,-18.346,9.226,-17.31
1308,21.8218,1,-18.266,9.165,-17.72
1309,21.8385,1,-18.075,9.082,-17.97
1310,21.8552,1,-17.833,8.978,-18.25
1311,21.8719,1,-17.518,8.848,-18.31
1312,21.8885,1,-17.130,8.703,-18.63
1313,21.9052,1,-16.687,8.535,-18.90
1314,21.9219,1,-16.186,8.349,-19.14
1315,21.9386,1,-15.610,8.124,-19.57
1316,21.9553,1,-15.007,7.907,-19.64
1351,22.5392,1,17.489,-4.615,-22.39
1352,22.5559,1,18.107,-4.877,-22.70
1353,22.5725,1,18.611,-5.099,-23.18
1354,22.5892,1,18.984,-5.261,-23.41
1355,22.6059,1,19.267,-5.375,-23.53
1356,22.6226,1,19.476,-5.462,-23.61
1357,22.6393,1,19.577,-5.503,-23.71
1358,22.6560,1,19.594,-5.509,-23.95
1359,22.6727,1,19.541,-5.493,-23.86
1360,22.6893,1,19.401,-5.432,-23.83
1361,22.7060,1,19.214,-5.345,-23.85
1362,22.7227,1,19.007,-5.248,-23.76
1363,22.7394,1,18.800,-5.156,-23.86
1364,22.7561,1,18.602,-5.066,-23.74
1365,22.7728,1,18.409,-4.982,-23.65
1366,22.7894,1,18.222,-4.899,-23.65
1367,22.8061,1,18.062,-4.819,-23.49
1368,22.8228,1,17.924,-4.753,-23.52
1369,22.8395,1,17.810,-4.698,-23.35
1370,22.8562,1,17.704,-4.649,-23.31
1371,22.8728,1,17.613,-4.624,-23.55
1372,22.8895,1,17.567,-4.644,-24.05
1373,22.9062,1,17.536,-4.681,-24.63
1374,22.9229,1,17.529,-4.755,-25.62
1375,22.9396,1,17.511,-4.866,-27.20
1376,22.9563,1,17.475,-5.008,-29.34
1377,22.9730,1,17.428,-5.182,-31.87
1378,22.9896,1,17.363,-5.380,-34.78
1379,23.0063,1,17.278,-5.583,-38.04
1380,23.0230,1,17.167,-5.807,-41.56
1381,23.0397,1,17.038,-6.031,-45.00
1382,23.0564,1,16.891,-6.260,-48.99
1383,23.0731,1,16.715,-6.484,-52.71
1384,23.0897,1,16.523,-6.697,-57.04
1385,23.1064,1,16.311,-6.902,-61.11
1386,23.1231,1,16.076,-7.088,-65.27
1387,23.1398,1,15.847,-7.267,-69.47
1388,23.1565,1,15.614,-7.409,-73.68
1389,23.1731,1,15.367,-7.540,-77.50
1390,23.1898,1,15.145,-7.640,-81.43
1391,23.2065,1,14.910,-7.722,-85.00
1392,23.2232,1,14.712,-7.801,-88.35
1393,23.2399,1,14.548,-7.832,-90.97
1394,23.2566,1,14.452,-7.821,-92.52
1395,23.2733,1,14.392,-7.765,-93.75
1396,23.2899,1,14.357,-7.639,-95.52
1397,23.3066,1,14.337,-7.405,-95.62
1398,23.3233,1,14.329,-7.105,-96.62
1399,23.3400,1,14.354,-6.733,-97.58
1400,23.3567,1,14.389,-6.285,-98.56
1401,23.3734,1,14.437,-5.774,-98.90
1402,23.3900,1,14.505,-5.166,-99.42
1403,23.4067,1,14.599,-4.493,-100.06
1404,23.4234,1,14.698,-3.765,-100.50
1419,23.6737,1,17.548,10.621,-102.04
1420,23.6903,1,17.753,11.403,-101.49
1421,23.7070,1,17.936,12.083,-101.10
1422,23.7237,1,18.123,12.671,-100.71
1423,23.7404,1,18.311,13.198,-99.79
1424,23.7571,1,18.516,13.688,-98.58
1425,23.7737,1,18.728,14.118,-97.05
1426,23.7904,1,18.965,14.534,-95.53
1427,23.8071,1,19.238,14.941,-92.97
1428,23.8238,1,19.524,15.323,-89.88
1429,23.8405,1,19.838,15.691,-86.59
1430,23.8572,1,20.175,16.062,-83.05
1431,23.8739,1,20.520,16.422,-79.18
1432,23.8905,1,20.897,16.791,-74.70
1433,23.9072,1,21.265,17.164,-69.97
1434,23.9239,1,21.654,17.536,-65.15
1435,23.9406,1,22.034,17.930,-59.46
1436,23.9573,1,22.403,18.360,-53.90
1437,23.9740,1,22.748,18.799,-48.20
1438,23.9906,1,23.059,19.282,-41.89
1439,24.0073,1,23.329,19.780,-35.91
1440,24.0240,1,23.558,20.302,-29.55
1441,24.0407,1,23.728,20.843,-23.22
1442,24.0574,1,23.843,21.408,-16.80
1443,24.0740,1,23.902,21.965,-10.37
1444,24.0907,1,23.898,22.524,-3.89
1629,27.1772,1,-15.879,-21.488,58.38
1643,27.4107,1,-15.779,-21.564,56.91
1644,27.4274,1,-15.433,-21.063,56.89
1645,27.4441,1,-15.057,-20.511,56.58
1646,27.4608,1,-14.666,-19.930,56.59
1647,27.4775,1,-14.239,-19.324,56.37
1690,28.1948,1,10.902,16.755,50.36
1692,28.2282,1,11.899,17.946,49.54
1693,28.2449,1,12.392,18.516,48.99
1694,28.2616,1,12.874,19.071,48.48
1695,28.2782,1,13.347,19.604,48.00
1696,28.2949,1,13.828,20.128,47.55
1697,28.3116,1,14.288,20.629,47.07
1698,28.3283,1,14.734,21.113,46.48
1699,28.3450,1,15.117,21.523,45.82
1700,28.3617,1,15.420,21.856,45.51
1701,28.3784,1,15.654,22.124,45.31
1702,28.3950,1,15.815,22.298,45.26
1703,28.4117,1,15.893,22.385,45.00
1704,28.4284,1,15.907,22.409,44.97
1705,28.4451,1,15.854,22.357,45.09
1706,28.4618,1,15.749,22.244,44.98
1707,28.4785,1,15.589,22.065,44.89
1708,28.4951,1,15.372,21.829,45.07
1709,28.5118,1,15.099,21.537,44.95
1710,28.5285,1,14.770,21.179,44.88
1711,28.5452,1,14.376,20.764,44.66
1712,28.5619,1,13.936,20.309,44.62
1713,28.5785,1,13.442,19.795,44.55
1753,29.2459,1,-14.761,-7.794,45.54
1754,29.2626,1,-15.291,-8.300,45.85
1755,29.2793,1,-15.808,-8.805,45.99
1756,29.2959,1,-16.318,-9.297,46.39
1757,29.3126,1,-16.810,-9.791,46.76
1758,29.3293,1,-17.287,-10.265,47.01
1759,29.3460,1,-17.755,-10.725,47.12
1760,29.3627,1,-18.189,-11.163,47.62
1761,29.3794,1,-18.553,-11.531,47.72
1762,29.3960,1,-18.860,-11.837,47.80
1763,29.4127,1,-19.086,-12.090,47.67
1764,29.4294,1,-19.220,-12.261,47.56
1765,29.4461,1,-19.288,-12.360,47.37
1766,29.4628,1,-19.285,-12.410,47.03
1767,29.4794,1,-19.204,-12.381,46.74
1768,29.4961,1,-19.079,-12.296,46.34
1769,29.5128,1,-18.897,-12.166,46.11
1770,29.5295,1,-18.661,-11.966,45.69
1771,29.5462,1,-18.372,-11.720,45.40
1772,29.5629,1,-18.038,-11.424,45.03
1773,29.5796,1,-17.645,-11.072,44.74
1774,29.5962,1,-17.223,-10.675,44.66
1775,29.6129,1,-16.741,-10.242,44.37
1776,29.6296,1,-16.217,-9.758,44.13
1815,30.2802,1,14.580,17.799,38.74
1816,30.2969,1,15.097,18.211,38.65
1817,30.3136,1,15.543,18.560,38.23
1818,30.3303,1,15.880,18.829,37.99
1819,30.3470,1,16.142,19.029,37.72
1820,30.3637,1,16.318,19.165,37.45
1821,30.3803,1,16.414,19.226,37.39
1822,30.3970,1,16.427,19.230,37.32
1823,30.4137,1,16.360,19.180,37.23
1824,30.4304,1,16.242,19.085,37.15
1825,30.4471,1,16.053,18.936,37.18
1826,30.4638,1,15.799,18.747,37.10
1827,30.4805,1,15.504,18.521,37.31
1828,30.4971,1,15.167,18.264,37.34
1829,30.5138,1,14.798,17.977,37.31
1830,30.5305,1,14.403,17.678,37.44
1831,30.5472,1,13.993,17.364,37.36
1832,30.5639,1,13.569,17.038,37.39
1833,30.5805,1,13.127,16.697,37.51
1834,30.5972,1,12.676,16.353,37.36
1835,30.6139,1,12.223,16.003,37.55
1836,30.6306,1,11.775,15.660,37.54
1837,30.6473,1,11.331,15.324,37.54
1838,30.6640,1,10.897,14.995,37.45
1839,30.6806,1,10.475,14.681,37.69
1840,30.6973,1,10.066,14.386,37.84
1841,30.7140,1,9.688,14.103,38.15
1842,30.7307,1,9.328,13.828,38.28
1843,30.7474,1,8.977,13.562,38.38
1844,30.7641,1,8.633,13.303,38.26
1845,30.7808,1,8.299,13.053,38.39
1846,30.7974,1,7.974,12.809,38.47
1847,30.8141,1,7.648,12.575,38.88
1848,30.8308,1,7.348,12.345,38.77
1849,30.8475,1,7.049,12.125,38.91
1850,30.8642,1,6.770,11.923,39.02
1851,30.8808,1,6.501,11.721,39.35
1852,30.8975,1,6.246,11.526,39.30
1853,30.9142,1,5.995,11.340,39.43
1854,30.9309,1,5.757,11.162,39.79
1855,30.9476,1,5.534,10.983,40.09
1856,30.9643,1,5.323,10.819,40.17
1857,30.9809,1,5.118,10.671,40.20
1858,30.9976,1,4.941,10.527,40.13
1859,31.0143,1,4.751,10.379,40.33
1860,31.0310,1,4.581,10.253,40.81
1861,31.0477,1,4.424,10.132,40.71
1862,31.0644,1,4.272,10.014,40.80
1863,31.0811,1,4.135,9.916,40.86
1864,31.0977,1,4.001,9.820,41.24
1865,31.1144,1,3.890,9.727,41.33
1866,31.1311,1,3.779,9.642,41.44
1867,31.1478,1,3.679,9.567,41.39
1868,31.1645,1,3.589,9.498,41.69
1869,31.1811,1,3.511,9.436,41.72
1870,31.1978,1,3.445,9.382,41.87
1871,31.2145,1,3.385,9.332,41.79
1872,31.2312,1,3.330,9.289,41.95
1873,31.2479,1,3.281,9.250,41.96
1874,31.2646,1,3.248,9.221,42.12
1875,31.2812,1,3.227,9.194,42.11
1876,31.2979,1,3.209,9.179,42.12
1877,31.3146,1,3.203,9.172,42.11
1878,31.3313,1,3.210,9.172,42.10
1879,31.3480,1,3.219,9.178,42.05
1880,31.3647,1,3.230,9.185,41.98
1881,31.3814,1,3.246,9.191,42.02
1882,31.3980,1,3.252,9.195,41.97
1883,31.4147,1,3.257,9.201,41.96
1884,31.4314,1,3.257,9.203,42.01
1885,31.4481,1,3.257,9.203,41.97
1886,31.4648,1,3.253,9.204,41.86
1887,31.4814,1,3.255,9.201,41.98
1888,31.4981,1,3.256,9.202,41.98
1889,31.5148,1,3.256,9.202,41.98
1890,31.5315,1,3.256,9.203,42.02
1891,31.5482,1,3.256,9.202,41.98
1892,31.5649,1,3.257,9.201,42.01
1893,31.5816,1,3.257,9.201,42.01
1894,31.5982,1,3.257,9.201,42.01
1895,31.6149,1,3.257,9.201,42.01
1896,31.6316,1,3.257,9.202,42.01
1897,31.6483,1,3.257,9.202,42.01
1898,31.6650,1,3.257,9.203,42.04
1899,31.6817,1,3.257,9.202,42.01
1900,31.6983,1,3.258,9.203,42.05
1901,31.7150,1,3.257,9.202,42.01
1902,31.7317,1,3.258,9.203,42.01
1903,31.7484,1,3.258,9.203,42.01
1904,31.7651,1,3.258,9.203,42.01
1905,31.7817,1,3.258,9.203,42.01
1906,31.7984,1,3.258,9.203,42.01
1907,31.8151,1,3.258,9.203,42.01
1908,31.8318,1,3.258,9.203,42.01
1909,31.8485,1,3.258,9.203,42.01
